{
    "last_line": 687,
    "ema_score": -231.3247607947669,
    "prev_score": -231.3247607947669
}