{
    "last_line": 811,
    "ema_score": 0.06153097160637946,
    "prev_score": 0.06153097160637946,
    "energy_debt": 0.7453592388575018,
    "lr_model_version": 1,
    "lstm_model_version": 1,
    "svm_model_version": 1
}