,energy,inference_time
energy,1.0,0.7783470060523494
inference_time,0.7783470060523494,1.0
