,energy,inference_time
energy,1.0,0.8189979562462324
inference_time,0.8189979562462324,1.0
