,energy,inference_time
energy,1.0,0.8672313396842669
inference_time,0.8672313396842669,1.0
