,energy,inference_time
energy,1.0,0.6272267196843088
inference_time,0.6272267196843088,1.0
