,energy,inference_time
energy,1.0,0.8807379000093333
inference_time,0.8807379000093333,1.0
