approach,mean_true_value,mean_predicted_value,mae,rmse,mape,r2_score,mean_inference_time,mean_energy
LSTM (No Retraining),96.97558636865341,87.7910296948052,18.76159582020071,26.719241262637023,39.891094511905564,0.9004893873143232,0.0049182668690123076,27606.149489514348
Linear Regression (No Retraining),96.97558636865341,90.63340013942727,33.57244639575632,41.51853067383981,101.17456302252495,0.7597269239256149,0.001081617808105091,7917.78069812362
SVM (No Retraining),96.97558636865341,104.74179425641556,31.898961018927608,38.84604495007336,125.27362516191518,0.7896634365447963,0.0012913692339629294,10079.792839403974
Swiching,96.97558636865341,87.94521461642773,20.807176152177156,28.844846678227235,46.69640959115779,0.8840268036478018,0.004248513685946384,26680.019108719647
