approach,mean_true_value,mean_predicted_value,mae,rmse,mape,r2_score,mean_inference_time,mean_energy
LSTM,96.97558636865341,87.7910296948052,18.76159582020071,26.719241262637023,39.891094511905564,0.9004893873143232,0.0049182668690123076,27606.149489514348
Linear Regression,96.97558636865341,90.63340013942727,33.57244639575632,41.51853067383981,101.17456302252495,0.7597269239256149,0.001081617808105091,7917.78069812362
SVM,96.97558636865341,104.74179425641556,31.898961018927608,38.84604495007336,125.27362516191518,0.7896634365447963,0.0012913692339629294,10079.792839403974
Our Approach,96.97558636865341,95.1422286032605,25.016933187261266,33.39705637363973,77.14647762762222,0.8445332440021028,0.0022875245734555343,23286.67363410596
